<environmentvariabledefinition schemaname="csp_CREDIT_SCORE_URL">
  <defaultvalue>https://redivacrestservices20240429160409.azurewebsites.net/credit-score</defaultvalue>
  <description default="Bank Credit Score Service URL">
    <label description="Bank Credit Score Service URL" languagecode="1033" />
  </description>
  <displayname default="CREDIT_SCORE_URL">
    <label description="CREDIT_SCORE_URL" languagecode="1033" />
  </displayname>
  <introducedversion>1.0.0.0</introducedversion>
  <iscustomizable>1</iscustomizable>
  <isrequired>0</isrequired>
  <secretstore>0</secretstore>
  <type>100000000</type>
</environmentvariabledefinition>