<environmentvariabledefinition schemaname="csp_ADMISSION_PROCESSING_FLOW_URL">
  <defaultvalue>https://prod-14.centralindia.logic.azure.com:443/workflows/7a08ccbe3824415caf56ccbd96855b42/triggers/manual/paths/invoke?api-version=2016-06-01&amp;sp=%2Ftriggers%2Fmanual%2Frun&amp;sv=1.0&amp;sig=Ey3x0Xula7bLZ1m4GT8j_OSR8dt-nQh4NzZOJkbbgro</defaultvalue>
  <description default="Admission Processing Automate Flow URL">
    <label description="Admission Processing Automate Flow URL" languagecode="1033" />
  </description>
  <displayname default="ADMISSION_PROCESSING_FLOW_URL">
    <label description="ADMISSION_PROCESSING_FLOW_URL" languagecode="1033" />
  </displayname>
  <introducedversion>1.0.0.0</introducedversion>
  <iscustomizable>1</iscustomizable>
  <isrequired>0</isrequired>
  <secretstore>0</secretstore>
  <type>100000000</type>
</environmentvariabledefinition>