<ImportExportXml version="9.2.24042.174" SolutionPackageVersion="9.2" languagecode="1033" generatedBy="CrmLive" xmlns:xsi="http://www.w3.org/2001/XMLSchema-instance">
  <SolutionManifest>
    <UniqueName>CaseStudyExtSolution</UniqueName>
    <LocalizedNames>
      <LocalizedName description="Case Study Ext Solution" languagecode="1033" />
    </LocalizedNames>
    <Descriptions />
    <Version>1.0.0.0</Version>
    <Managed>0</Managed>
    <Publisher>
      <UniqueName>CaseStudyPublisher</UniqueName>
      <LocalizedNames>
        <LocalizedName description="Case Study Publisher" languagecode="1033" />
      </LocalizedNames>
      <Descriptions />
      <EMailAddress>ramkumar@palmeto.co.in</EMailAddress>
      <SupportingWebsiteUrl xsi:nil="true"></SupportingWebsiteUrl>
      <CustomizationPrefix>csp</CustomizationPrefix>
      <CustomizationOptionValuePrefix>77040</CustomizationOptionValuePrefix>
      <Addresses>
        <Address>
          <AddressNumber>1</AddressNumber>
          <AddressTypeCode>1</AddressTypeCode>
          <City>Bangalore</City>
          <County xsi:nil="true"></County>
          <Country>India</Country>
          <Fax xsi:nil="true"></Fax>
          <FreightTermsCode xsi:nil="true"></FreightTermsCode>
          <ImportSequenceNumber xsi:nil="true"></ImportSequenceNumber>
          <Latitude xsi:nil="true"></Latitude>
          <Line1>25 Arvind Expansia</Line1>
          <Line2>Puttappa Industrial Estate Mahadevpura Main</Line2>
          <Line3 xsi:nil="true"></Line3>
          <Longitude xsi:nil="true"></Longitude>
          <Name xsi:nil="true"></Name>
          <PostalCode>560048</PostalCode>
          <PostOfficeBox xsi:nil="true"></PostOfficeBox>
          <PrimaryContactName xsi:nil="true"></PrimaryContactName>
          <ShippingMethodCode>1</ShippingMethodCode>
          <StateOrProvince>Karnataka</StateOrProvince>
          <Telephone1>09886082730</Telephone1>
          <Telephone2 xsi:nil="true"></Telephone2>
          <Telephone3 xsi:nil="true"></Telephone3>
          <TimeZoneRuleVersionNumber xsi:nil="true"></TimeZoneRuleVersionNumber>
          <UPSZone xsi:nil="true"></UPSZone>
          <UTCOffset xsi:nil="true"></UTCOffset>
          <UTCConversionTimeZoneCode xsi:nil="true"></UTCConversionTimeZoneCode>
        </Address>
        <Address>
          <AddressNumber>2</AddressNumber>
          <AddressTypeCode>1</AddressTypeCode>
          <City xsi:nil="true"></City>
          <County xsi:nil="true"></County>
          <Country xsi:nil="true"></Country>
          <Fax xsi:nil="true"></Fax>
          <FreightTermsCode xsi:nil="true"></FreightTermsCode>
          <ImportSequenceNumber xsi:nil="true"></ImportSequenceNumber>
          <Latitude xsi:nil="true"></Latitude>
          <Line1 xsi:nil="true"></Line1>
          <Line2 xsi:nil="true"></Line2>
          <Line3 xsi:nil="true"></Line3>
          <Longitude xsi:nil="true"></Longitude>
          <Name xsi:nil="true"></Name>
          <PostalCode xsi:nil="true"></PostalCode>
          <PostOfficeBox xsi:nil="true"></PostOfficeBox>
          <PrimaryContactName xsi:nil="true"></PrimaryContactName>
          <ShippingMethodCode>1</ShippingMethodCode>
          <StateOrProvince xsi:nil="true"></StateOrProvince>
          <Telephone1 xsi:nil="true"></Telephone1>
          <Telephone2 xsi:nil="true"></Telephone2>
          <Telephone3 xsi:nil="true"></Telephone3>
          <TimeZoneRuleVersionNumber xsi:nil="true"></TimeZoneRuleVersionNumber>
          <UPSZone xsi:nil="true"></UPSZone>
          <UTCOffset xsi:nil="true"></UTCOffset>
          <UTCConversionTimeZoneCode xsi:nil="true"></UTCConversionTimeZoneCode>
        </Address>
      </Addresses>
    </Publisher>
    <RootComponents>
      <RootComponent type="1" schemaName="contact" behavior="0" />
      <RootComponent type="1" schemaName="csp_autonumberconfiguration" behavior="0" />
      <RootComponent type="1" schemaName="csp_course" behavior="0" />
      <RootComponent type="1" schemaName="csp_registeredapplication" behavior="0" />
      <RootComponent type="1" schemaName="csp_registeredstudent" behavior="0" />
      <RootComponent type="1" schemaName="csp_university" behavior="0" />
      <RootComponent type="29" id="{2ced4abe-da06-ef11-9f89-6045bd7395f8}" behavior="0" />
      <RootComponent type="29" id="{4c6b2d22-87ac-4c04-90d7-ececa86572b0}" behavior="0" />
      <RootComponent type="29" id="{56790e45-6231-4192-8136-9e3a0ccaf2a8}" behavior="0" />
      <RootComponent type="29" id="{dac65ebd-bf06-ef11-9f89-6045bd72213f}" behavior="0" />
      <RootComponent type="29" id="{fe421507-e306-ef11-9f89-6045bd72213f}" behavior="0" />
      <RootComponent type="60" id="{70ad8b15-e3f3-4d7d-9e4b-16cb4e51b484}" />
      <RootComponent type="61" schemaName="csp_custom_api_utilities" behavior="0" />
      <RootComponent type="61" schemaName="csp_environment_variable_provider" behavior="0" />
      <RootComponent type="61" schemaName="csp_process_admission" behavior="0" />
      <RootComponent type="61" schemaName="csp_registered_application_utils" behavior="0" />
      <RootComponent type="61" schemaName="csp_transport_service_utils" behavior="0" />
      <RootComponent type="61" schemaName="csp_university_utils" behavior="0" />
      <RootComponent type="62" schemaName="csp_UNISTUDConsulting" behavior="0" />
      <RootComponent type="80" schemaName="csp_UNISTUDConsulting" behavior="0" />
      <RootComponent type="91" id="{631e6568-2f84-48e6-862e-ce7f97c315fb}" schemaName="RedivacPlugins, Version=1.0.0.0, Culture=neutral, PublicKeyToken=8596be07f4588977" behavior="0" />
      <RootComponent type="92" id="{e1cc7d7d-f805-ef11-9f89-6045bdad63b3}" behavior="0" />
    </RootComponents>
    <MissingDependencies>
      <MissingDependency>
        <Required type="1" schemaName="adx_externalidentity" displayName="External Identity" solution="PowerPages_RuntimeCore (1.0.2402.1)" />
        <Dependent type="1" schemaName="contact" displayName="Contact" />
      </MissingDependency>
      <MissingDependency>
        <Required type="1" schemaName="adx_externalidentity" displayName="External Identity" solution="PowerPages_RuntimeCore (1.0.2402.1)" />
        <Dependent type="60" displayName="Portal Contact (Enhanced)" parentDisplayName="Contact" id="{c1c97961-2d42-4103-abf8-2fe2bdf38224}" />
      </MissingDependency>
      <MissingDependency>
        <Required type="1" schemaName="adx_invitation" displayName="Invitation" solution="PowerPages_RuntimeCore (1.0.2402.1)" />
        <Dependent type="1" schemaName="contact" displayName="Contact" />
      </MissingDependency>
      <MissingDependency>
        <Required type="1" schemaName="adx_webformsession" displayName="Multistep Form Session" solution="PowerPages_RuntimeCore (1.0.2402.1)" />
        <Dependent type="1" schemaName="contact" displayName="Contact" />
      </MissingDependency>
      <MissingDependency>
        <Required type="1" schemaName="appnotification" displayName="Notification" solution="AppNotifications (10.0.0.16)" />
        <Dependent type="29" displayName="Automated WF to Handle Webhook Calls &amp; Notifies the Dataverse" id="{fe421507-e306-ef11-9f89-6045bd72213f}" />
      </MissingDependency>
      <MissingDependency>
        <Required type="1" schemaName="msdyn_contactkpiitem" displayName="Contact KPI Item" solution="RelationshipAnalytics (9.0.24034.10002)" />
        <Dependent type="1" schemaName="contact" displayName="Contact" />
      </MissingDependency>
      <MissingDependency>
        <Required type="1" schemaName="msdyn_conversationparticipantinsights" displayName="Conversation Participant Insights" solution="msdyn_Conversation_Intelligence (9.0.1.1213)" />
        <Dependent type="1" schemaName="contact" displayName="Contact" />
      </MissingDependency>
      <MissingDependency>
        <Required type="1" schemaName="msdyn_dailycontactkpiitem" displayName="Daily kpis for contact" solution="RelationshipAnalytics (9.0.24034.10002)" />
        <Dependent type="1" schemaName="contact" displayName="Contact" />
      </MissingDependency>
      <MissingDependency>
        <Required type="1" schemaName="msdyn_linkedentityattributevalidity" displayName="Linked Entity Attribute Validity" solution="msdyn_leadhygiene (9.1.2404.3003)">
          <package>msdyn_AcceleratedSalesAnchor (9.1.24043.10009)</package>
        </Required>
        <Dependent type="1" schemaName="contact" displayName="Contact" />
      </MissingDependency>
      <MissingDependency>
        <Required type="1" schemaName="msdyn_liveconversation" displayName="Ongoing conversation (Deprecated)" solution="OmnichannelBase (1.10.0.81)" />
        <Dependent type="1" schemaName="contact" displayName="Contact" />
      </MissingDependency>
      <MissingDependency>
        <Required type="1" schemaName="msdyn_mostcontacted" displayName="Most Contacted" solution="RelationshipAnalytics (9.0.24034.10002)" />
        <Dependent type="1" schemaName="contact" displayName="Contact" />
      </MissingDependency>
      <MissingDependency>
        <Required type="1" schemaName="msdyn_mostcontactedby" displayName="Most Contacted By" solution="RelationshipAnalytics (9.0.24034.10002)" />
        <Dependent type="1" schemaName="contact" displayName="Contact" />
      </MissingDependency>
      <MissingDependency>
        <Required type="1" schemaName="msdyn_ocliveworkitem" displayName="Conversation" solution="OmnichannelBase (1.10.0.81)" />
        <Dependent type="1" schemaName="contact" displayName="Contact" />
      </MissingDependency>
      <MissingDependency>
        <Required type="1" schemaName="msdyn_orgchartnode" displayName="Microsoft Orgchart node entity" solution="msdyn_LinkedInExtensions (9.0.24034.10011)">
          <package>msdyn_SalesIntegrationsAddOns (9.0.24043.10001)</package>
        </Required>
        <Dependent type="1" schemaName="contact" displayName="Contact" />
      </MissingDependency>
      <MissingDependency>
        <Required type="1" schemaName="msdyn_preferredagent" displayName="Preferred Agent" solution="UnifiedRouting (1.0.0.4908)" />
        <Dependent type="1" schemaName="contact" displayName="Contact" />
      </MissingDependency>
      <MissingDependency>
        <Required type="1" schemaName="msdyn_sabackupdiagnostic" displayName="sabackupdiagnostic" solution="msdyn_segment (9.1.2404.3002)">
          <package>msdyn_AcceleratedSalesAnchor (9.1.24043.10009)</package>
        </Required>
        <Dependent type="1" schemaName="contact" displayName="Contact" />
      </MissingDependency>
      <MissingDependency>
        <Required type="1" schemaName="msdyn_salescopilotinsight" displayName="Sales Copilot Insight" solution="msdyn_SalesCopilot (9.1.24043.10007)">
          <package>msdynce_SalesAnchor (9.0.24043.10006)</package>
        </Required>
        <Dependent type="1" schemaName="contact" displayName="Contact" />
      </MissingDependency>
      <MissingDependency>
        <Required type="1" schemaName="msdyn_salesroutingdiagnostic" displayName="salesroutingdiagnostic" solution="msdyn_segment (9.1.2404.3002)">
          <package>msdyn_AcceleratedSalesAnchor (9.1.24043.10009)</package>
        </Required>
        <Dependent type="1" schemaName="contact" displayName="Contact" />
      </MissingDependency>
      <MissingDependency>
        <Required type="1" schemaName="msdyn_salessuggestion" displayName="Insight" solution="msdyn_acceleratedsales (9.1.24043.10009)">
          <package>msdyn_AcceleratedSalesAnchor (9.1.24043.10009)</package>
        </Required>
        <Dependent type="1" schemaName="contact" displayName="Contact" />
      </MissingDependency>
      <MissingDependency>
        <Required type="1" schemaName="msdyn_sequencetarget" displayName="Sequence Target" solution="msdyn_Sequence (9.1.2404.3002)">
          <package>msdyn_AcceleratedSalesAnchor (9.1.24043.10009)</package>
        </Required>
        <Dependent type="1" schemaName="contact" displayName="Contact" />
      </MissingDependency>
      <MissingDependency>
        <Required type="1" schemaName="msdyn_taggedrecord" displayName="Tagged Record" solution="msdyn_VivaSalesCore (9.12.24045.1)">
          <package>msdynce_SalesAnchor (9.0.24043.10006)</package>
        </Required>
        <Dependent type="1" schemaName="contact" displayName="Contact" />
      </MissingDependency>
      <MissingDependency>
        <Required type="1" schemaName="mspp_webrole" displayName="Web Role" solution="PowerPages_Apps (1.0.2402.2)" />
        <Dependent type="60" displayName="Portal Contact (Enhanced)" parentDisplayName="Contact" id="{c1c97961-2d42-4103-abf8-2fe2bdf38224}" />
      </MissingDependency>
      <MissingDependency>
        <Required type="10" schemaName="msa_contact_managingpartner" displayName="msa_contact_managingpartner" parentSchemaName="account" parentDisplayName="Account" solution="PowerPages_RuntimeCoreDependencies (1.0.2305.1)" />
        <Dependent type="10" schemaName="msa_contact_managingpartner" displayName="msa_contact_managingpartner" parentSchemaName="account" parentDisplayName="Account" />
      </MissingDependency>
      <MissingDependency>
        <Required type="10" schemaName="adx_invitation_invitecontacts" displayName="adx_invitation_invitecontacts" parentSchemaName="adx_invitation" parentDisplayName="Invitation" solution="PowerPages_RuntimeCore (1.0.2402.1)" />
        <Dependent type="10" schemaName="adx_invitation_invitecontacts" displayName="adx_invitation_invitecontacts" parentSchemaName="adx_invitation" parentDisplayName="Invitation" />
      </MissingDependency>
      <MissingDependency>
        <Required type="10" schemaName="adx_invitation_redeemedcontacts" displayName="adx_invitation_redeemedcontacts" parentSchemaName="adx_invitation" parentDisplayName="Invitation" solution="PowerPages_RuntimeCore (1.0.2402.1)" />
        <Dependent type="10" schemaName="adx_invitation_redeemedcontacts" displayName="adx_invitation_redeemedcontacts" parentSchemaName="adx_invitation" parentDisplayName="Invitation" />
      </MissingDependency>
      <MissingDependency>
        <Required type="10" schemaName="adx_contact_externalidentity" displayName="adx_contact_externalidentity" parentSchemaName="contact" parentDisplayName="Contact" solution="PowerPages_RuntimeCore (1.0.2402.1)" />
        <Dependent type="60" displayName="Portal Contact (Enhanced)" parentDisplayName="Contact" id="{c1c97961-2d42-4103-abf8-2fe2bdf38224}" />
      </MissingDependency>
      <MissingDependency>
        <Required type="10" schemaName="powerpagecomponent_mspp_webrole_contact" displayName="powerpagecomponent_mspp_webrole_contact" parentSchemaName="powerpagecomponent" parentDisplayName="Site Component" solution="PowerPages_RuntimeExtensions (1.0.2404.1)" />
        <Dependent type="10" schemaName="powerpagecomponent_mspp_webrole_contact" displayName="powerpagecomponent_mspp_webrole_contact" parentSchemaName="powerpagecomponent" parentDisplayName="Site Component" />
      </MissingDependency>
      <MissingDependency>
        <Required type="2" schemaName="adx_identity_accessfailedcount" displayName="Access Failed Count" parentSchemaName="contact" parentDisplayName="Contact" solution="PowerPages_RuntimeCore (1.0.2402.1)" />
        <Dependent type="60" displayName="Portal Contact (Enhanced)" parentDisplayName="Contact" id="{c1c97961-2d42-4103-abf8-2fe2bdf38224}" />
      </MissingDependency>
      <MissingDependency>
        <Required type="2" schemaName="adx_identity_emailaddress1confirmed" displayName="Email Confirmed" parentSchemaName="contact" parentDisplayName="Contact" solution="PowerPages_RuntimeCore (1.0.2402.1)" />
        <Dependent type="60" displayName="Portal Contact (Enhanced)" parentDisplayName="Contact" id="{c1c97961-2d42-4103-abf8-2fe2bdf38224}" />
      </MissingDependency>
      <MissingDependency>
        <Required type="2" schemaName="adx_identity_locallogindisabled" displayName="Local Login Disabled" parentSchemaName="contact" parentDisplayName="Contact" solution="PowerPages_RuntimeCore (1.0.2402.1)" />
        <Dependent type="60" displayName="Portal Contact (Enhanced)" parentDisplayName="Contact" id="{c1c97961-2d42-4103-abf8-2fe2bdf38224}" />
      </MissingDependency>
      <MissingDependency>
        <Required type="2" schemaName="adx_identity_lockoutenabled" displayName="Lockout Enabled" parentSchemaName="contact" parentDisplayName="Contact" solution="PowerPages_RuntimeCore (1.0.2402.1)" />
        <Dependent type="60" displayName="Portal Contact (Enhanced)" parentDisplayName="Contact" id="{c1c97961-2d42-4103-abf8-2fe2bdf38224}" />
      </MissingDependency>
      <MissingDependency>
        <Required type="2" schemaName="adx_identity_lockoutenddate" displayName="Lockout End Date" parentSchemaName="contact" parentDisplayName="Contact" solution="PowerPages_RuntimeCore (1.0.2402.1)" />
        <Dependent type="60" displayName="Portal Contact (Enhanced)" parentDisplayName="Contact" id="{c1c97961-2d42-4103-abf8-2fe2bdf38224}" />
      </MissingDependency>
      <MissingDependency>
        <Required type="2" schemaName="adx_identity_logonenabled" displayName="Login Enabled" parentSchemaName="contact" parentDisplayName="Contact" solution="PowerPages_RuntimeCore (1.0.2402.1)" />
        <Dependent type="60" displayName="Portal Contact (Enhanced)" parentDisplayName="Contact" id="{c1c97961-2d42-4103-abf8-2fe2bdf38224}" />
      </MissingDependency>
      <MissingDependency>
        <Required type="2" schemaName="adx_identity_mobilephoneconfirmed" displayName="Mobile Phone Confirmed" parentSchemaName="contact" parentDisplayName="Contact" solution="PowerPages_RuntimeCore (1.0.2402.1)" />
        <Dependent type="60" displayName="Portal Contact (Enhanced)" parentDisplayName="Contact" id="{c1c97961-2d42-4103-abf8-2fe2bdf38224}" />
      </MissingDependency>
      <MissingDependency>
        <Required type="2" schemaName="adx_identity_securitystamp" displayName="Security Stamp" parentSchemaName="contact" parentDisplayName="Contact" solution="PowerPages_RuntimeCore (1.0.2402.1)" />
        <Dependent type="60" displayName="Portal Contact (Enhanced)" parentDisplayName="Contact" id="{c1c97961-2d42-4103-abf8-2fe2bdf38224}" />
      </MissingDependency>
      <MissingDependency>
        <Required type="2" schemaName="adx_identity_twofactorenabled" displayName="Two Factor Enabled" parentSchemaName="contact" parentDisplayName="Contact" solution="PowerPages_RuntimeCore (1.0.2402.1)" />
        <Dependent type="60" displayName="Portal Contact (Enhanced)" parentDisplayName="Contact" id="{c1c97961-2d42-4103-abf8-2fe2bdf38224}" />
      </MissingDependency>
      <MissingDependency>
        <Required type="2" schemaName="adx_identity_username" displayName="User Name" parentSchemaName="contact" parentDisplayName="Contact" solution="PowerPages_RuntimeCore (1.0.2402.1)" />
        <Dependent type="60" displayName="Portal Contact (Enhanced)" parentDisplayName="Contact" id="{c1c97961-2d42-4103-abf8-2fe2bdf38224}" />
      </MissingDependency>
      <MissingDependency>
        <Required type="2" schemaName="adx_organizationname" displayName="Organization Name" parentSchemaName="contact" parentDisplayName="Contact" solution="PowerPages_RuntimeCoreDependencies (1.0.2305.1)" />
        <Dependent type="60" displayName="Profile Web Form (Enhanced) - Japanese" parentDisplayName="Contact" id="{01124dd8-9bff-4cc0-bb33-ea9d943c3f9f}" />
      </MissingDependency>
      <MissingDependency>
        <Required type="2" schemaName="adx_organizationname" displayName="Organization Name" parentSchemaName="contact" parentDisplayName="Contact" solution="PowerPages_RuntimeCoreDependencies (1.0.2305.1)" />
        <Dependent type="60" displayName="Profile Web Form (Enhanced)" parentDisplayName="Contact" id="{bddc0100-0dbe-4562-aafe-31d08c8ab506}" />
      </MissingDependency>
      <MissingDependency>
        <Required type="2" schemaName="adx_publicprofilecopy" displayName="Public Profile Copy" parentSchemaName="contact" parentDisplayName="Contact" solution="PowerPages_RuntimeCore (1.0.2402.1)" />
        <Dependent type="60" displayName="Profile Web Form (Enhanced) - Japanese" parentDisplayName="Contact" id="{01124dd8-9bff-4cc0-bb33-ea9d943c3f9f}" />
      </MissingDependency>
      <MissingDependency>
        <Required type="2" schemaName="adx_publicprofilecopy" displayName="Public Profile Copy" parentSchemaName="contact" parentDisplayName="Contact" solution="PowerPages_RuntimeCore (1.0.2402.1)" />
        <Dependent type="60" displayName="Profile Web Form (Enhanced)" parentDisplayName="Contact" id="{bddc0100-0dbe-4562-aafe-31d08c8ab506}" />
      </MissingDependency>
      <MissingDependency>
        <Required type="2" schemaName="adx_timezone" displayName="Time Zone" parentSchemaName="contact" parentDisplayName="Contact" solution="PowerPages_RuntimeCoreDependencies (1.0.2305.1)" />
        <Dependent type="60" displayName="Portal Contact (Enhanced)" parentDisplayName="Contact" id="{c1c97961-2d42-4103-abf8-2fe2bdf38224}" />
      </MissingDependency>
      <MissingDependency>
        <Required type="2" schemaName="defaultpricelevelid" displayName="Price List" parentSchemaName="contact" parentDisplayName="Contact" solution="msdynce_ProductManagement (9.0.4.0066)">
          <package>msdynce_ProductManagementAnchor (9.0.24043.10001)</package>
        </Required>
        <Dependent type="60" displayName="Portal Contact (Enhanced)" parentDisplayName="Contact" id="{c1c97961-2d42-4103-abf8-2fe2bdf38224}" />
      </MissingDependency>
      <MissingDependency>
        <Required type="2" schemaName="mspp_userpreferredlcid" displayName="Preferred Language" parentSchemaName="contact" parentDisplayName="Contact" solution="PowerPages_RuntimeExtensions (1.0.2404.1)" />
        <Dependent type="60" displayName="Profile Web Form (Enhanced) - Japanese" parentDisplayName="Contact" id="{01124dd8-9bff-4cc0-bb33-ea9d943c3f9f}" />
      </MissingDependency>
      <MissingDependency>
        <Required type="2" schemaName="mspp_userpreferredlcid" displayName="Preferred Language" parentSchemaName="contact" parentDisplayName="Contact" solution="PowerPages_RuntimeExtensions (1.0.2404.1)" />
        <Dependent type="60" displayName="Profile Web Form (Enhanced)" parentDisplayName="Contact" id="{bddc0100-0dbe-4562-aafe-31d08c8ab506}" />
      </MissingDependency>
      <MissingDependency>
        <Required type="2" schemaName="msdyn_name" displayName="Segment name" parentSchemaName="msdyn_segment" parentDisplayName="Segment" solution="msdyn_segment (9.1.2404.3002)">
          <package>msdyn_AcceleratedSalesAnchor (9.1.24043.10009)</package>
        </Required>
        <Dependent type="10" schemaName="msdyn_msdyn_segment_contact" displayName="msdyn_msdyn_segment_contact" parentSchemaName="msdyn_segment" parentDisplayName="Segment" />
      </MissingDependency>
      <MissingDependency>
        <Required type="26" schemaName="All Contacts" displayName="All Contacts" parentSchemaName="contact" parentDisplayName="Contact" solution="msdynce_AppCommon (9.0.4.0066)" id="{0d5d377b-5e7c-47b5-bab1-a5cb8b4ac105}">
          <package>msdynce_AppCommonAnchor (9.0.24043.10003)</package>
        </Required>
        <Dependent type="60" displayName="Contacts Dashboard" parentDisplayName="Contact" id="{70ad8b15-e3f3-4d7d-9e4b-16cb4e51b484}" />
      </MissingDependency>
      <MissingDependency>
        <Required type="26" schemaName="Active Web Roles" displayName="Active Web Roles" parentSchemaName="mspp_webrole" parentDisplayName="Web Role" solution="PowerPages_Apps (1.0.2402.2)" id="{735de4f0-c287-42eb-b5e6-2f01a75a40fb}" />
        <Dependent type="60" displayName="Portal Contact (Enhanced)" parentDisplayName="Contact" id="{c1c97961-2d42-4103-abf8-2fe2bdf38224}" />
      </MissingDependency>
      <MissingDependency>
        <Required type="26" schemaName="Active External Identities" displayName="Active External Identities" parentSchemaName="adx_externalidentity" parentDisplayName="External Identity" solution="PowerPages_RuntimeCore (1.0.2402.1)" id="{93fe9ed1-cabf-4755-9f63-4f3f989084e6}" />
        <Dependent type="60" displayName="Portal Contact (Enhanced)" parentDisplayName="Contact" id="{c1c97961-2d42-4103-abf8-2fe2bdf38224}" />
      </MissingDependency>
      <MissingDependency>
        <Required type="60" displayName="Profile Web Form (Enhanced) - Japanese" parentDisplayName="Contact" solution="PowerPages_RuntimeCore (1.0.2402.1)" id="{01124dd8-9bff-4cc0-bb33-ea9d943c3f9f}" />
        <Dependent type="60" displayName="Profile Web Form (Enhanced) - Japanese" parentDisplayName="Contact" id="{01124dd8-9bff-4cc0-bb33-ea9d943c3f9f}" />
      </MissingDependency>
      <MissingDependency>
        <Required type="60" displayName="Contacts Dashboard" parentDisplayName="Contact" solution="msdynce_Service (9.0.5.56)" id="{70ad8b15-e3f3-4d7d-9e4b-16cb4e51b484}">
          <package>msdynce_ServiceAnchor (9.0.24043.2006)</package>
        </Required>
        <Dependent type="60" displayName="Contacts Dashboard" parentDisplayName="Contact" id="{70ad8b15-e3f3-4d7d-9e4b-16cb4e51b484}" />
      </MissingDependency>
      <MissingDependency>
        <Required type="60" displayName="Information" parentDisplayName="Contact" solution="msdynce_AppCommon (9.0.4.0066)" id="{894cc46a-b0cb-4ab0-8bf6-200544e46a2d}">
          <package>msdynce_AppCommonAnchor (9.0.24043.10003)</package>
        </Required>
        <Dependent type="60" displayName="Information" parentDisplayName="Contact" id="{894cc46a-b0cb-4ab0-8bf6-200544e46a2d}" />
      </MissingDependency>
      <MissingDependency>
        <Required type="60" displayName="Profile Web Form (Enhanced)" parentDisplayName="Contact" solution="PowerPages_RuntimeCore (1.0.2402.1)" id="{bddc0100-0dbe-4562-aafe-31d08c8ab506}" />
        <Dependent type="60" displayName="Profile Web Form (Enhanced)" parentDisplayName="Contact" id="{bddc0100-0dbe-4562-aafe-31d08c8ab506}" />
      </MissingDependency>
      <MissingDependency>
        <Required type="60" displayName="Portal Contact (Enhanced)" parentDisplayName="Contact" solution="PowerPages_RuntimeCore (1.0.2402.1)" id="{c1c97961-2d42-4103-abf8-2fe2bdf38224}" />
        <Dependent type="60" displayName="Portal Contact (Enhanced)" parentDisplayName="Contact" id="{c1c97961-2d42-4103-abf8-2fe2bdf38224}" />
      </MissingDependency>
      <MissingDependency>
        <Required type="60" displayName="Invite Web Form" parentDisplayName="Contact" solution="PowerPages_RuntimeCore (1.0.2402.1)" id="{d6190b35-9474-4098-9698-33f6627eb3bf}" />
        <Dependent type="60" displayName="Invite Web Form" parentDisplayName="Contact" id="{d6190b35-9474-4098-9698-33f6627eb3bf}" />
      </MissingDependency>
      <MissingDependency>
        <Required type="61" schemaName="AppCommon/Contact/Contact_main_system_library.js" displayName="AppCommon/Contact/Contact_main_system_library.js" solution="msdynce_AppCommon (9.0.4.0066)">
          <package>msdynce_AppCommonAnchor (9.0.24043.10003)</package>
        </Required>
        <Dependent type="60" displayName="Information" parentDisplayName="Contact" id="{894cc46a-b0cb-4ab0-8bf6-200544e46a2d}" />
      </MissingDependency>
      <MissingDependency>
        <Required type="61" schemaName="AppCommon/Contact/Contact_main_system_library.js" displayName="AppCommon/Contact/Contact_main_system_library.js" solution="msdynce_AppCommon (9.0.4.0066)">
          <package>msdynce_AppCommonAnchor (9.0.24043.10003)</package>
        </Required>
        <Dependent type="60" displayName="Profile Web Form (Enhanced)" parentDisplayName="Contact" id="{bddc0100-0dbe-4562-aafe-31d08c8ab506}" />
      </MissingDependency>
      <MissingDependency>
        <Required type="61" schemaName="AppCommon/Contact/Contact_main_system_library.js" displayName="AppCommon/Contact/Contact_main_system_library.js" solution="msdynce_AppCommon (9.0.4.0066)">
          <package>msdynce_AppCommonAnchor (9.0.24043.10003)</package>
        </Required>
        <Dependent type="60" displayName="Portal Contact (Enhanced)" parentDisplayName="Contact" id="{c1c97961-2d42-4103-abf8-2fe2bdf38224}" />
      </MissingDependency>
      <MissingDependency>
        <Required type="61" schemaName="AppCommon/Contact/Contact_main_system_library.js" displayName="AppCommon/Contact/Contact_main_system_library.js" solution="msdynce_AppCommon (9.0.4.0066)">
          <package>msdynce_AppCommonAnchor (9.0.24043.10003)</package>
        </Required>
        <Dependent type="60" displayName="Invite Web Form" parentDisplayName="Contact" id="{d6190b35-9474-4098-9698-33f6627eb3bf}" />
      </MissingDependency>
      <MissingDependency>
        <Required type="61" schemaName="msdyn_/ActivityFeeds.Form.js" displayName="msdyn_/ActivityFeeds.Form.js" solution="ActivityFeedsCore (9.0.0.0009)" />
        <Dependent type="60" displayName="Profile Web Form (Enhanced) - Japanese" parentDisplayName="Contact" id="{01124dd8-9bff-4cc0-bb33-ea9d943c3f9f}" />
      </MissingDependency>
      <MissingDependency>
        <Required type="61" schemaName="msdyn_/ActivityFeeds.Form.js" displayName="msdyn_/ActivityFeeds.Form.js" solution="ActivityFeedsCore (9.0.0.0009)" />
        <Dependent type="60" displayName="Information" parentDisplayName="Contact" id="{894cc46a-b0cb-4ab0-8bf6-200544e46a2d}" />
      </MissingDependency>
      <MissingDependency>
        <Required type="61" schemaName="msdyn_/ActivityFeeds.Form.js" displayName="msdyn_/ActivityFeeds.Form.js" solution="ActivityFeedsCore (9.0.0.0009)" />
        <Dependent type="60" displayName="Profile Web Form (Enhanced)" parentDisplayName="Contact" id="{bddc0100-0dbe-4562-aafe-31d08c8ab506}" />
      </MissingDependency>
      <MissingDependency>
        <Required type="61" schemaName="msdyn_/ActivityFeeds.Form.js" displayName="msdyn_/ActivityFeeds.Form.js" solution="ActivityFeedsCore (9.0.0.0009)" />
        <Dependent type="60" displayName="Portal Contact (Enhanced)" parentDisplayName="Contact" id="{c1c97961-2d42-4103-abf8-2fe2bdf38224}" />
      </MissingDependency>
      <MissingDependency>
        <Required type="61" schemaName="msdyn_/ActivityFeeds.Form.js" displayName="msdyn_/ActivityFeeds.Form.js" solution="ActivityFeedsCore (9.0.0.0009)" />
        <Dependent type="60" displayName="Invite Web Form" parentDisplayName="Contact" id="{d6190b35-9474-4098-9698-33f6627eb3bf}" />
      </MissingDependency>
      <MissingDependency>
        <Required type="61" schemaName="msdyn_/Images/AppModule_Default_Icon.png" displayName="msdyn_/Images/AppModule_Default_Icon.png" solution="AppModuleWebResources (2.5)" />
        <Dependent type="80" schemaName="csp_UNISTUDConsulting" displayName="UNISTUD Consulting" />
      </MissingDependency>
      <MissingDependency>
        <Required type="61" schemaName="msdyn_/RecordWall.htm" displayName="msdyn_/RecordWall.htm" solution="ActivityFeedsCore (9.0.0.0009)" />
        <Dependent type="60" displayName="Profile Web Form (Enhanced) - Japanese" parentDisplayName="Contact" id="{01124dd8-9bff-4cc0-bb33-ea9d943c3f9f}" />
      </MissingDependency>
      <MissingDependency>
        <Required type="61" schemaName="msdyn_/RecordWall.htm" displayName="msdyn_/RecordWall.htm" solution="ActivityFeedsCore (9.0.0.0009)" />
        <Dependent type="60" displayName="Information" parentDisplayName="Contact" id="{894cc46a-b0cb-4ab0-8bf6-200544e46a2d}" />
      </MissingDependency>
      <MissingDependency>
        <Required type="61" schemaName="msdyn_/RecordWall.htm" displayName="msdyn_/RecordWall.htm" solution="ActivityFeedsCore (9.0.0.0009)" />
        <Dependent type="60" displayName="Profile Web Form (Enhanced)" parentDisplayName="Contact" id="{bddc0100-0dbe-4562-aafe-31d08c8ab506}" />
      </MissingDependency>
      <MissingDependency>
        <Required type="61" schemaName="msdyn_/RecordWall.htm" displayName="msdyn_/RecordWall.htm" solution="ActivityFeedsCore (9.0.0.0009)" />
        <Dependent type="60" displayName="Portal Contact (Enhanced)" parentDisplayName="Contact" id="{c1c97961-2d42-4103-abf8-2fe2bdf38224}" />
      </MissingDependency>
      <MissingDependency>
        <Required type="61" schemaName="msdyn_/RecordWall.htm" displayName="msdyn_/RecordWall.htm" solution="ActivityFeedsCore (9.0.0.0009)" />
        <Dependent type="60" displayName="Invite Web Form" parentDisplayName="Contact" id="{d6190b35-9474-4098-9698-33f6627eb3bf}" />
      </MissingDependency>
      <MissingDependency>
        <Required type="61" schemaName="mspp_entities/subgrid_filtering.js" displayName="mspp_entities/subgrid_filtering.js" solution="PowerPages_AppResources (1.0.2312.1)" />
        <Dependent type="60" displayName="Portal Contact (Enhanced)" parentDisplayName="Contact" id="{c1c97961-2d42-4103-abf8-2fe2bdf38224}" />
      </MissingDependency>
      <MissingDependency>
        <Required type="connectionreference" displayName="aw_sharedapprovals_10ea0" solution="Active" id.connectionreferencelogicalname="aw_sharedapprovals_10ea0" />
        <Dependent type="29" displayName="Registered Application Processing Flow" id="{dac65ebd-bf06-ef11-9f89-6045bd72213f}" />
      </MissingDependency>
      <MissingDependency>
        <Required type="connectionreference" displayName="aw_sharedcommondataserviceforapps_3ab21" solution="Active" id.connectionreferencelogicalname="aw_sharedcommondataserviceforapps_3ab21" />
        <Dependent type="29" displayName="Invoke Custom API in Automate Flow" id="{2ced4abe-da06-ef11-9f89-6045bd7395f8}" />
      </MissingDependency>
      <MissingDependency>
        <Required type="connectionreference" displayName="aw_sharedcommondataserviceforapps_3ab21" solution="Active" id.connectionreferencelogicalname="aw_sharedcommondataserviceforapps_3ab21" />
        <Dependent type="29" displayName="Registered Application Processing Flow" id="{dac65ebd-bf06-ef11-9f89-6045bd72213f}" />
      </MissingDependency>
      <MissingDependency>
        <Required type="connectionreference" displayName="aw_sharedcommondataserviceforapps_3ab21" solution="Active" id.connectionreferencelogicalname="aw_sharedcommondataserviceforapps_3ab21" />
        <Dependent type="29" displayName="Automated WF to Handle Webhook Calls &amp; Notifies the Dataverse" id="{fe421507-e306-ef11-9f89-6045bd72213f}" />
      </MissingDependency>
      <MissingDependency>
        <Required type="SettingDefinition" displayName="AllowNotificationsEarlyAccess" solution="AppNotifications (10.0.0.16)" id.uniquename="AllowNotificationsEarlyAccess" />
        <Dependent type="AppSetting" displayName="parentappmoduleid.uniquename=csp_UNISTUDConsulting,settingdefinitionid.uniquename=AllowNotificationsEarlyAccess" id.parentappmoduleid.uniquename="csp_UNISTUDConsulting" id.settingdefinitionid.uniquename="AllowNotificationsEarlyAccess" />
      </MissingDependency>
      <MissingDependency>
        <Required type="SettingDefinition" displayName="AppChannel" solution="msdyn_AppFrameworkInfraExtensions (1.0.0.8)" id.uniquename="AppChannel" />
        <Dependent type="AppSetting" displayName="parentappmoduleid.uniquename=csp_UNISTUDConsulting,settingdefinitionid.uniquename=AppChannel" id.parentappmoduleid.uniquename="csp_UNISTUDConsulting" id.settingdefinitionid.uniquename="AppChannel" />
      </MissingDependency>
    </MissingDependencies>
  </SolutionManifest>
</ImportExportXml>