<environmentvariabledefinition schemaname="csp_TRANSPORT_SERVICE_URL">
  <defaultvalue>https://redivacrestservices20240429160409.azurewebsites.net/transport-detail</defaultvalue>
  <description default="Transport Service URL for Transportation Charges">
    <label description="Transport Service URL for Transportation Charges" languagecode="1033" />
  </description>
  <displayname default="TRANSPORT_SERVICE_URL">
    <label description="TRANSPORT_SERVICE_URL" languagecode="1033" />
  </displayname>
  <introducedversion>1.0.0.0</introducedversion>
  <iscustomizable>1</iscustomizable>
  <isrequired>0</isrequired>
  <secretstore>0</secretstore>
  <type>100000000</type>
</environmentvariabledefinition>