<customapi uniquename="csp_simplecustomapi">
  <allowedcustomprocessingsteptype>2</allowedcustomprocessingsteptype>
  <bindingtype>0</bindingtype>
  <description default="This is a simple custom API designed to demonstrate basic functionalities.">
    <label description="This is a simple custom API designed to demonstrate basic functionalities." languagecode="1033" />
  </description>
  <displayname default="Simple Custom API">
    <label description="Simple Custom API" languagecode="1033" />
  </displayname>
  <iscustomizable>1</iscustomizable>
  <isfunction>0</isfunction>
  <isprivate>0</isprivate>
  <name>Simple Custom API</name>
  <plugintypeid>
    <plugintypeexportkey>b0bae509-d5da-4504-8c60-390c0af99d3a</plugintypeexportkey>
  </plugintypeid>
  <workflowsdkstepenabled>0</workflowsdkstepenabled>
</customapi>