<environmentvariabledefinition schemaname="csp_TOEFL_SERVICE_URL">
  <defaultvalue>https://redivacrestservices20240429160409.azurewebsites.net/toefl-score</defaultvalue>
  <description default="TOEFL Score Service URL">
    <label description="TOEFL Score Service URL" languagecode="1033" />
  </description>
  <displayname default="TOEFL_SERVICE_URL">
    <label description="TOEFL_SERVICE_URL" languagecode="1033" />
  </displayname>
  <introducedversion>1.0.0.0</introducedversion>
  <iscustomizable>1</iscustomizable>
  <isrequired>0</isrequired>
  <secretstore>0</secretstore>
  <type>100000000</type>
</environmentvariabledefinition>