<customapiresponseproperty uniquename="csp_response">
  <description default="Represents the response received from External services about the University">
    <label description="Represents the response received from External services about the University" languagecode="1033" />
  </description>
  <displayname default="Response">
    <label description="Response" languagecode="1033" />
  </displayname>
  <iscustomizable>1</iscustomizable>
  <name>response</name>
  <type>10</type>
</customapiresponseproperty>