{
  "properties": {
    "connectionReferences": {
      "shared_commondataserviceforapps": {
        "api": {
          "name": "shared_commondataserviceforapps"
        },
        "connection": {
          "connectionReferenceLogicalName": "aw_sharedcommondataserviceforapps_3ab21"
        },
        "runtimeSource": "embedded"
      },
      "shared_approvals": {
        "api": {
          "name": "shared_approvals"
        },
        "connection": {
          "connectionReferenceLogicalName": "aw_sharedapprovals_10ea0"
        },
        "runtimeSource": "embedded"
      }
    },
    "definition": {
      "$schema": "https://schema.management.azure.com/providers/Microsoft.Logic/schemas/2016-06-01/workflowdefinition.json#",
      "contentVersion": "1.0.0.0",
      "parameters": {
        "$authentication": {
          "defaultValue": {},
          "type": "SecureObject"
        },
        "$connections": {
          "defaultValue": {},
          "type": "Object"
        }
      },
      "triggers": {
        "manual": {
          "type": "Request",
          "kind": "Http",
          "inputs": {
            "triggerAuthenticationType": "All",
            "schema": {
              "type": "object",
              "properties": {
                "applicationId": {
                  "type": "string"
                },
                "applicationGuid": {
                  "type": "string"
                }
              }
            }
          },
          "metadata": {
            "operationMetadataId": "743b25f6-7df0-464f-8ba8-b0fa2d70d32a"
          }
        }
      },
      "actions": {
        "Get_a_row_by_ID": {
          "type": "OpenApiConnection",
          "inputs": {
            "parameters": {
              "entityName": "csp_registeredapplications",
              "recordId": "@triggerBody()?['applicationGuid']"
            },
            "host": {
              "apiId": "/providers/Microsoft.PowerApps/apis/shared_commondataserviceforapps",
              "operationId": "GetItem",
              "connectionName": "shared_commondataserviceforapps"
            }
          },
          "runAfter": {},
          "metadata": {
            "operationMetadataId": "46dc03c7-c759-490e-9237-a69d0503c7b4"
          }
        },
        "Add_a_new_row": {
          "type": "OpenApiConnection",
          "inputs": {
            "parameters": {
              "entityName": "csp_registeredstudents",
              "item/csp_studentname": "@outputs('Get_a_row_by_ID')?['body/csp_studentname']",
              "item/csp_ApplicationID@odata.bind": "csp_registeredapplications(@{outputs('Get_a_row_by_ID')?['body/csp_registeredapplicationid']})",
              "item/csp_feespaid": 0,
              "item/csp_totalfees": "@outputs('Get_a_row_by_ID')?['body/csp_totalfees']"
            },
            "host": {
              "apiId": "/providers/Microsoft.PowerApps/apis/shared_commondataserviceforapps",
              "operationId": "CreateRecord",
              "connectionName": "shared_commondataserviceforapps"
            }
          },
          "runAfter": {
            "Condition": [
              "Succeeded"
            ]
          },
          "metadata": {
            "operationMetadataId": "2ad25dbb-d9eb-4736-b3ec-d068e76a145a"
          }
        },
        "Start_and_wait_for_an_approval_of_text": {
          "type": "OpenApiConnectionWebhook",
          "inputs": {
            "parameters": {
              "WebhookTextSuggestionApprovalCreationInput/title": "Registered Application - Admission Approval",
              "WebhookTextSuggestionApprovalCreationInput/suggestedText": "Please work on this registered application for admission related processing.",
              "WebhookTextSuggestionApprovalCreationInput/assignedTo": "ramkumar@iomegamct.onmicrosoft.com",
              "WebhookTextSuggestionApprovalCreationInput/details": "@{outputs('Get_a_row_by_ID')?['body/csp_applicationname']}\n@{outputs('Get_a_row_by_ID')?['body/csp_applicationregistrationnumber']}\n@{outputs('Get_a_row_by_ID')?['body/_csp_university_value']}\n@{outputs('Get_a_row_by_ID')?['body/_csp_course_value']}\n@{outputs('Get_a_row_by_ID')?['body/csp_totalfees']}",
              "WebhookTextSuggestionApprovalCreationInput/enableNotifications": true,
              "WebhookTextSuggestionApprovalCreationInput/enableReassignment": true
            },
            "host": {
              "apiId": "/providers/Microsoft.PowerApps/apis/shared_approvals",
              "operationId": "StartAndWaitForATextSuggestionApproval",
              "connectionName": "shared_approvals"
            }
          },
          "runAfter": {
            "Get_a_row_by_ID": [
              "Succeeded"
            ]
          },
          "metadata": {
            "operationMetadataId": "d0297f58-dcaf-45de-9273-9acd4171b649"
          }
        },
        "Condition": {
          "type": "If",
          "expression": {
            "equals": [
              "@outputs('Start_and_wait_for_an_approval_of_text')?['body/outcome']",
              "Approve"
            ]
          },
          "actions": {
            "Update_a_row": {
              "type": "OpenApiConnection",
              "inputs": {
                "parameters": {
                  "entityName": "csp_registeredapplications",
                  "recordId": "@triggerBody()?['applicationGuid']",
                  "item/csp_applicationstatus": 770400002
                },
                "host": {
                  "apiId": "/providers/Microsoft.PowerApps/apis/shared_commondataserviceforapps",
                  "operationId": "UpdateRecord",
                  "connectionName": "shared_commondataserviceforapps"
                }
              },
              "metadata": {
                "operationMetadataId": "4adfda5a-111c-4b96-b904-f2d90038416c"
              }
            }
          },
          "else": {
            "actions": {
              "Update_a_row_2": {
                "type": "OpenApiConnection",
                "inputs": {
                  "parameters": {
                    "entityName": "csp_registeredapplications",
                    "recordId": "@triggerBody()?['applicationGuid']",
                    "item/csp_applicationstatus": 770400003
                  },
                  "host": {
                    "apiId": "/providers/Microsoft.PowerApps/apis/shared_commondataserviceforapps",
                    "operationId": "UpdateRecord",
                    "connectionName": "shared_commondataserviceforapps"
                  }
                },
                "metadata": {
                  "operationMetadataId": "c3b5181a-ca17-4f79-9d2f-93be1fd44cda"
                }
              }
            }
          },
          "runAfter": {
            "Start_and_wait_for_an_approval_of_text": [
              "Succeeded"
            ]
          },
          "metadata": {
            "operationMetadataId": "1afc4cc9-83a6-4647-936f-103a98693f3a"
          }
        },
        "Response": {
          "type": "Response",
          "kind": "Http",
          "inputs": {
            "statusCode": 200,
            "body": {
              "registeredStudentId": "@body('Add_a_new_row')?['csp_registeredstudentid']"
            }
          },
          "runAfter": {
            "Add_a_new_row": [
              "Succeeded"
            ]
          }
        }
      },
      "outputs": {}
    },
    "templateName": null
  },
  "schemaVersion": "1.0.0.0"
}